DIV_NUM,DIV_NAME,FEDERAL_RACE_CODE,GENDER,DISABILITY_FLAG,LEP_FLAG,DISADVANTAGED_FLAG,COHORT_GRADUATE_CNT,PS_ENROLLMENT_CNT
1,Accomack County ,3,F,N,N,Y,41,28
1,Accomack County ,5,F,N,N,N,44,30
1,Accomack County ,5,F,N,N,Y,31,19
1,Accomack County ,3,M,N,N,N,12,5
1,Accomack County ,3,M,N,N,Y,45,20
1,Accomack County ,4,M,N,Y,Y,18,7
1,Accomack County ,5,M,N,N,N,69,35
1,Accomack County ,5,M,N,N,Y,18,6
2,Albemarle County ,2,F,N,N,N,15,10
2,Albemarle County ,3,F,N,N,N,28,23
2,Albemarle County ,3,F,N,N,Y,22,9
2,Albemarle County ,4,F,N,N,N,17,11
2,Albemarle County ,4,F,N,Y,Y,10,2
2,Albemarle County ,5,F,N,N,N,303,258
2,Albemarle County ,5,F,N,N,Y,27,17
2,Albemarle County ,5,F,Y,N,N,13,12
2,Albemarle County ,99,F,N,N,N,14,14
2,Albemarle County ,2,M,N,N,N,10,9
2,Albemarle County ,3,M,N,N,N,24,18
2,Albemarle County ,3,M,N,N,Y,18,8
2,Albemarle County ,4,M,N,N,N,13,10
2,Albemarle County ,4,M,N,Y,Y,13,5
2,Albemarle County ,5,M,N,N,N,295,239
2,Albemarle County ,5,M,N,N,Y,19,4
2,Albemarle County ,5,M,Y,N,N,29,15
2,Albemarle County ,99,M,N,N,N,11,9
3,Alleghany County ,5,F,N,N,N,59,48
3,Alleghany County ,5,F,N,N,Y,23,15
3,Alleghany County ,5,M,N,N,N,45,26
3,Alleghany County ,5,M,N,N,Y,29,13
4,Amelia County ,5,F,N,N,N,31,23
4,Amelia County ,5,F,N,N,Y,18,12
4,Amelia County ,3,M,N,N,N,10,4
4,Amelia County ,5,M,N,N,N,33,17
4,Amelia County ,5,M,N,N,Y,16,4
5,Amherst County ,3,F,N,N,N,25,16
5,Amherst County ,5,F,N,N,N,75,47
5,Amherst County ,5,F,N,N,Y,19,12
5,Amherst County ,3,M,N,N,N,12,6
5,Amherst County ,3,M,N,N,Y,14,9
5,Amherst County ,5,M,N,N,N,76,38
5,Amherst County ,5,M,N,N,Y,20,6
5,Amherst County ,5,M,Y,N,N,10,2
6,Appomattox County ,3,F,N,N,Y,15,6
6,Appomattox County ,5,F,N,N,N,33,26
6,Appomattox County ,5,F,N,N,Y,18,10
6,Appomattox County ,5,M,N,N,N,31,18
6,Appomattox County ,5,M,N,N,Y,10,3
7,Arlington County ,2,F,N,N,N,27,27
7,Arlington County ,2,F,N,Y,Y,13,9
7,Arlington County ,3,F,N,N,N,35,26
7,Arlington County ,3,F,N,N,Y,30,27
7,Arlington County ,3,F,N,Y,Y,12,7
7,Arlington County ,4,F,N,N,N,47,41
7,Arlington County ,4,F,N,Y,N,24,13
7,Arlington County ,4,F,N,N,Y,31,28
7,Arlington County ,4,F,N,Y,Y,58,37
7,Arlington County ,5,F,N,N,N,258,226
7,Arlington County ,5,F,Y,N,N,15,13
7,Arlington County ,99,F,N,N,N,23,16
7,Arlington County ,2,M,N,N,N,26,24
7,Arlington County ,2,M,N,Y,N,13,8
7,Arlington County ,2,M,N,Y,Y,20,13
7,Arlington County ,3,M,N,N,N,38,28
7,Arlington County ,3,M,N,N,Y,20,16
7,Arlington County ,3,M,N,Y,Y,13,10
7,Arlington County ,3,M,Y,N,N,10,7
7,Arlington County ,4,M,N,N,N,40,31
7,Arlington County ,4,M,N,Y,N,30,16
7,Arlington County ,4,M,N,N,Y,21,18
7,Arlington County ,4,M,N,Y,Y,57,32
7,Arlington County ,4,M,Y,Y,Y,11,6
7,Arlington County ,5,M,N,N,N,263,226
7,Arlington County ,5,M,Y,N,N,45,32
7,Arlington County ,99,M,N,N,N,20,16
8,Augusta County ,5,F,N,N,N,264,199
8,Augusta County ,5,F,N,N,Y,68,31
8,Augusta County ,5,M,N,N,N,273,142
8,Augusta County ,5,M,N,N,Y,64,18
9,Bath County ,5,F,N,N,N,10,9
9,Bath County ,5,M,N,N,N,20,15
10,Bedford County ,3,F,N,N,N,17,12
10,Bedford County ,3,F,N,N,Y,11,3
10,Bedford County ,5,F,N,N,N,261,190
10,Bedford County ,5,F,N,N,Y,85,42
10,Bedford County ,3,M,N,N,N,16,12
10,Bedford County ,5,M,N,N,N,256,164
10,Bedford County ,5,M,N,N,Y,58,18
10,Bedford County ,5,M,Y,N,N,12,2
11,Bland County ,5,F,N,N,N,24,22
11,Bland County ,5,M,N,N,N,16,10
12,Botetourt County ,5,F,N,N,N,144,123
12,Botetourt County ,5,F,N,N,Y,27,11
12,Botetourt County ,5,M,N,N,N,140,101
12,Botetourt County ,5,M,N,N,Y,22,6
12,Botetourt County ,5,M,Y,N,N,16,6
13,Brunswick County ,3,F,N,N,N,30,21
13,Brunswick County ,3,F,N,N,Y,26,12
13,Brunswick County ,3,M,N,N,N,26,14
13,Brunswick County ,5,M,N,N,N,11,2
14,Buchanan County ,5,F,N,N,N,30,23
14,Buchanan County ,5,F,N,N,Y,59,39
14,Buchanan County ,5,M,N,N,N,38,28
14,Buchanan County ,5,M,N,N,Y,53,29
15,Buckingham County ,3,F,N,N,Y,15,8
15,Buckingham County ,5,F,N,N,N,23,17
15,Buckingham County ,5,F,N,N,Y,12,6
15,Buckingham County ,3,M,N,N,Y,10,4
15,Buckingham County ,5,M,N,N,N,27,10
15,Buckingham County ,5,M,N,N,Y,12,6
16,Campbell County ,3,F,N,N,N,17,11
16,Campbell County ,3,F,N,N,Y,27,12
16,Campbell County ,5,F,N,N,N,168,116
16,Campbell County ,5,F,N,N,Y,52,28
16,Campbell County ,3,M,N,N,N,22,16
16,Campbell County ,3,M,N,N,Y,24,12
16,Campbell County ,5,M,N,N,N,153,111
16,Campbell County ,5,M,N,N,Y,37,18
16,Campbell County ,5,M,Y,N,N,17,3
16,Campbell County ,5,M,Y,N,Y,10,1
17,Caroline County ,3,F,N,N,N,22,17
17,Caroline County ,3,F,N,N,Y,23,15
17,Caroline County ,5,F,N,N,N,34,22
17,Caroline County ,5,F,N,N,Y,41,21
17,Caroline County ,3,M,N,N,N,19,8
17,Caroline County ,3,M,N,N,Y,13,6
17,Caroline County ,5,M,N,N,N,27,9
17,Caroline County ,5,M,N,N,Y,25,12
18,Carroll County ,5,F,N,N,N,68,47
18,Carroll County ,5,F,N,N,Y,37,21
18,Carroll County ,5,M,N,N,N,68,43
18,Carroll County ,5,M,N,N,Y,45,17
18,Carroll County ,5,M,Y,N,Y,12,2
19,Charles City County ,3,M,N,N,Y,11,5
20,Charlotte County ,3,F,N,N,Y,14,9
20,Charlotte County ,5,F,N,N,N,24,24
20,Charlotte County ,5,F,N,N,Y,13,11
20,Charlotte County ,5,M,N,N,N,32,14
21,Chesterfield County ,2,F,N,N,N,63,54
21,Chesterfield County ,3,F,N,N,N,424,327
21,Chesterfield County ,3,F,N,N,Y,168,113
21,Chesterfield County ,3,F,Y,N,N,12,4
21,Chesterfield County ,4,F,N,N,N,116,88
21,Chesterfield County ,4,F,N,Y,N,25,8
21,Chesterfield County ,4,F,N,N,Y,35,17
21,Chesterfield County ,4,F,N,Y,Y,32,12
21,Chesterfield County ,5,F,N,N,N,1020,834
21,Chesterfield County ,5,F,N,N,Y,96,56
21,Chesterfield County ,5,F,Y,N,N,37,21
21,Chesterfield County ,99,F,N,N,N,68,50
21,Chesterfield County ,99,F,N,N,Y,19,14
21,Chesterfield County ,2,M,N,N,N,50,47
21,Chesterfield County ,3,M,N,N,N,378,257
21,Chesterfield County ,3,M,N,N,Y,145,73
21,Chesterfield County ,3,M,Y,N,N,39,18
21,Chesterfield County ,3,M,Y,N,Y,26,7
21,Chesterfield County ,4,M,N,N,N,84,47
21,Chesterfield County ,4,M,N,Y,N,39,12
21,Chesterfield County ,4,M,N,N,Y,37,17
21,Chesterfield County ,4,M,N,Y,Y,31,10
21,Chesterfield County ,5,M,N,N,N,974,704
21,Chesterfield County ,5,M,N,N,Y,83,33
21,Chesterfield County ,5,M,Y,N,N,80,39
21,Chesterfield County ,5,M,Y,N,Y,11,1
21,Chesterfield County ,99,M,N,N,N,44,35
21,Chesterfield County ,99,M,N,N,Y,10,3
22,Clarke County ,5,F,N,N,N,60,47
22,Clarke County ,5,M,N,N,N,81,51
23,Craig County ,5,F,N,N,N,12,9
23,Craig County ,5,F,N,N,Y,12,11
24,Culpeper County ,3,F,N,N,N,21,14
24,Culpeper County ,3,F,N,N,Y,22,9
24,Culpeper County ,4,F,N,N,N,12,8
24,Culpeper County ,4,F,N,N,Y,13,3
24,Culpeper County ,5,F,N,N,N,137,102
24,Culpeper County ,5,F,N,N,Y,37,19
24,Culpeper County ,3,M,N,N,N,21,16
24,Culpeper County ,3,M,N,N,Y,13,6
24,Culpeper County ,4,M,N,N,Y,15,8
24,Culpeper County ,5,M,N,N,N,133,67
24,Culpeper County ,5,M,N,N,Y,25,8
25,Cumberland County ,5,F,N,N,N,13,11
25,Cumberland County ,5,F,N,N,Y,14,7
25,Cumberland County ,3,M,N,N,Y,11,4
25,Cumberland County ,5,M,N,N,N,12,9
25,Cumberland County ,5,M,N,N,Y,10,4
26,Dickenson County ,5,F,N,N,N,47,32
26,Dickenson County ,5,F,N,N,Y,49,22
26,Dickenson County ,5,M,N,N,N,34,22
26,Dickenson County ,5,M,N,N,Y,25,11
27,Dinwiddie County ,3,F,N,N,N,21,20
27,Dinwiddie County ,3,F,N,N,Y,42,32
27,Dinwiddie County ,5,F,N,N,N,46,35
27,Dinwiddie County ,5,F,N,N,Y,19,12
27,Dinwiddie County ,3,M,N,N,N,20,14
27,Dinwiddie County ,3,M,N,N,Y,21,9
27,Dinwiddie County ,5,M,N,N,N,53,32
27,Dinwiddie County ,5,M,N,N,Y,19,4
28,Essex County ,3,F,N,N,Y,20,11
28,Essex County ,5,F,N,N,N,18,15
28,Essex County ,3,M,N,N,Y,16,5
28,Essex County ,5,M,N,N,N,17,11
29,Fairfax County ,1,F,N,N,N,11,9
29,Fairfax County ,2,F,N,N,N,839,752
29,Fairfax County ,2,F,N,Y,N,118,88
29,Fairfax County ,2,F,N,N,Y,188,172
29,Fairfax County ,2,F,N,Y,Y,124,90
29,Fairfax County ,2,F,Y,N,N,13,11
29,Fairfax County ,2,F,Y,Y,N,19,13
29,Fairfax County ,2,F,Y,Y,Y,10,7
29,Fairfax County ,3,F,N,N,N,334,291
29,Fairfax County ,3,F,N,Y,N,41,36
29,Fairfax County ,3,F,N,N,Y,184,151
29,Fairfax County ,3,F,N,Y,Y,63,50
29,Fairfax County ,3,F,Y,N,N,23,21
29,Fairfax County ,3,F,Y,N,Y,35,22
29,Fairfax County ,4,F,N,N,N,379,320
29,Fairfax County ,4,F,N,Y,N,102,50
29,Fairfax County ,4,F,N,N,Y,198,144
29,Fairfax County ,4,F,N,Y,Y,269,120
29,Fairfax County ,4,F,Y,N,N,19,13
29,Fairfax County ,4,F,Y,Y,N,28,12
29,Fairfax County ,4,F,Y,N,Y,11,8
29,Fairfax County ,4,F,Y,Y,Y,67,41
29,Fairfax County ,5,F,N,N,N,2355,2123
29,Fairfax County ,5,F,N,Y,N,48,41
29,Fairfax County ,5,F,N,N,Y,87,70
29,Fairfax County ,5,F,N,Y,Y,47,40
29,Fairfax County ,5,F,Y,N,N,193,133
29,Fairfax County ,5,F,Y,N,Y,16,9
29,Fairfax County ,5,F,Y,Y,Y,12,8
29,Fairfax County ,99,F,N,N,N,253,234
29,Fairfax County ,99,F,N,N,Y,26,17
29,Fairfax County ,2,M,N,N,N,822,735
29,Fairfax County ,2,M,N,Y,N,177,121
29,Fairfax County ,2,M,N,N,Y,150,132
29,Fairfax County ,2,M,N,Y,Y,156,109
29,Fairfax County ,2,M,Y,N,N,20,15
29,Fairfax County ,2,M,Y,Y,N,30,18
29,Fairfax County ,2,M,Y,Y,Y,13,10
29,Fairfax County ,3,M,N,N,N,291,244
29,Fairfax County ,3,M,N,Y,N,45,37
29,Fairfax County ,3,M,N,N,Y,136,94
29,Fairfax County ,3,M,N,Y,Y,82,59
29,Fairfax County ,3,M,Y,N,N,52,39
29,Fairfax County ,3,M,Y,N,Y,35,18
29,Fairfax County ,3,M,Y,Y,Y,16,13
29,Fairfax County ,4,M,N,N,N,365,284
29,Fairfax County ,4,M,N,Y,N,129,50
29,Fairfax County ,4,M,N,N,Y,194,118
29,Fairfax County ,4,M,N,Y,Y,288,98
29,Fairfax County ,4,M,Y,N,N,48,31
29,Fairfax County ,4,M,Y,Y,N,51,23
29,Fairfax County ,4,M,Y,N,Y,20,10
29,Fairfax County ,4,M,Y,Y,Y,87,36
29,Fairfax County ,5,M,N,N,N,2348,2003
29,Fairfax County ,5,M,N,Y,N,71,49
29,Fairfax County ,5,M,N,N,Y,84,67
29,Fairfax County ,5,M,N,Y,Y,61,44
29,Fairfax County ,5,M,Y,N,N,321,214
29,Fairfax County ,5,M,Y,Y,N,23,14
29,Fairfax County ,5,M,Y,N,Y,16,6
29,Fairfax County ,5,M,Y,Y,Y,10,7
29,Fairfax County ,99,M,N,N,N,231,196
29,Fairfax County ,99,M,N,N,Y,23,18
29,Fairfax County ,99,M,Y,N,N,24,14
30,Fauquier County ,3,F,N,N,N,18,12
30,Fauquier County ,3,F,N,N,Y,17,12
30,Fauquier County ,4,F,N,N,Y,12,10
30,Fauquier County ,5,F,N,N,N,290,232
30,Fauquier County ,5,F,N,N,Y,31,18
30,Fauquier County ,5,F,Y,N,N,17,7
30,Fauquier County ,99,F,N,N,N,11,10
30,Fauquier County ,3,M,N,N,N,15,11
30,Fauquier County ,3,M,N,N,Y,14,7
30,Fauquier County ,4,M,N,N,N,16,9
30,Fauquier County ,5,M,N,N,N,293,200
30,Fauquier County ,5,M,N,N,Y,30,10
30,Fauquier County ,5,M,Y,N,N,26,12
30,Fauquier County ,99,M,N,N,N,17,9
31,Floyd County ,5,F,N,N,N,39,30
31,Floyd County ,5,F,N,N,Y,12,7
31,Floyd County ,5,M,N,N,N,58,28
31,Floyd County ,5,M,N,N,Y,15,7
32,Fluvanna County ,3,F,N,N,N,12,9
32,Fluvanna County ,3,F,N,N,Y,10,6
32,Fluvanna County ,5,F,N,N,N,76,62
32,Fluvanna County ,5,F,N,N,Y,11,4
32,Fluvanna County ,5,M,N,N,N,81,48
33,Franklin County ,3,F,N,N,N,14,10
33,Franklin County ,3,F,N,N,Y,10,5
33,Franklin County ,5,F,N,N,N,122,93
33,Franklin County ,5,F,N,N,Y,55,29
33,Franklin County ,5,M,N,N,N,122,82
33,Franklin County ,5,M,N,N,Y,43,11
33,Franklin County ,5,M,Y,N,N,14,2
34,Frederick County ,3,F,N,N,N,16,9
34,Frederick County ,4,F,N,N,N,16,11
34,Frederick County ,4,F,N,N,Y,16,10
34,Frederick County ,4,F,N,Y,Y,16,6
34,Frederick County ,5,F,N,N,N,283,221
34,Frederick County ,5,F,N,N,Y,55,34
34,Frederick County ,99,F,N,N,N,11,8
34,Frederick County ,3,M,N,N,N,10,8
34,Frederick County ,4,M,N,N,N,11,6
34,Frederick County ,4,M,N,N,Y,17,6
34,Frederick County ,5,M,N,N,N,265,169
34,Frederick County ,5,M,N,N,Y,63,24
34,Frederick County ,5,M,Y,N,N,21,10
35,Giles County ,5,F,N,N,N,55,38
35,Giles County ,5,F,N,N,Y,21,13
35,Giles County ,5,M,N,N,N,39,31
35,Giles County ,5,M,N,N,Y,23,11
36,Gloucester County ,3,F,N,N,N,10,6
36,Gloucester County ,5,F,N,N,N,131,90
36,Gloucester County ,5,F,N,N,Y,24,9
36,Gloucester County ,5,M,N,N,N,102,53
36,Gloucester County ,5,M,N,N,Y,27,8
36,Gloucester County ,5,M,Y,N,N,11,1
37,Goochland County ,5,F,N,N,N,54,42
37,Goochland County ,5,M,N,N,N,73,48
37,Goochland County ,5,M,N,N,Y,11,5
38,Grayson County ,5,F,N,N,N,30,23
38,Grayson County ,5,F,N,N,Y,21,14
38,Grayson County ,5,M,N,N,N,30,21
38,Grayson County ,5,M,N,N,Y,19,6
39,Greene County ,5,F,N,N,N,46,34
39,Greene County ,5,F,N,N,Y,16,7
39,Greene County ,5,M,N,N,N,66,36
39,Greene County ,5,M,N,N,Y,13,4
40,Greensville County ,3,F,N,N,Y,47,32
40,Greensville County ,5,F,N,N,N,16,15
40,Greensville County ,3,M,N,N,Y,34,14
40,Greensville County ,5,M,N,N,N,19,8
41,Halifax County ,3,F,N,N,N,29,21
41,Halifax County ,3,F,N,N,Y,52,34
41,Halifax County ,5,F,N,N,N,61,39
41,Halifax County ,5,F,N,N,Y,34,8
41,Halifax County ,3,M,N,N,N,20,11
41,Halifax County ,3,M,N,N,Y,44,22
41,Halifax County ,5,M,N,N,N,58,26
41,Halifax County ,5,M,N,N,Y,16,7
42,Hanover County ,3,F,N,N,N,49,33
42,Hanover County ,4,F,N,N,N,12,10
42,Hanover County ,5,F,N,N,N,533,443
42,Hanover County ,5,F,N,N,Y,19,9
42,Hanover County ,5,F,Y,N,N,20,11
42,Hanover County ,99,F,N,N,N,14,11
42,Hanover County ,3,M,N,N,N,52,35
42,Hanover County ,3,M,N,N,Y,13,8
42,Hanover County ,4,M,N,N,N,15,10
42,Hanover County ,5,M,N,N,N,520,391
42,Hanover County ,5,M,N,N,Y,14,3
42,Hanover County ,5,M,Y,N,N,62,26
43,Henrico County ,2,F,N,N,N,83,77
43,Henrico County ,2,F,N,Y,N,13,9
43,Henrico County ,2,F,N,N,Y,21,20
43,Henrico County ,3,F,N,N,N,295,235
43,Henrico County ,3,F,N,N,Y,313,209
43,Henrico County ,3,F,Y,N,N,16,9
43,Henrico County ,3,F,Y,N,Y,28,12
43,Henrico County ,4,F,N,N,N,53,44
43,Henrico County ,4,F,N,N,Y,37,25
43,Henrico County ,4,F,N,Y,Y,12,3
43,Henrico County ,5,F,N,N,N,607,526
43,Henrico County ,5,F,N,Y,N,10,7
43,Henrico County ,5,F,N,N,Y,66,43
43,Henrico County ,5,F,Y,N,N,30,20
43,Henrico County ,99,F,N,N,N,35,27
43,Henrico County ,99,F,N,N,Y,21,11
43,Henrico County ,2,M,N,N,N,93,79
43,Henrico County ,2,M,N,Y,N,14,10
43,Henrico County ,2,M,N,N,Y,16,13
43,Henrico County ,2,M,N,Y,Y,13,10
43,Henrico County ,3,M,N,N,N,243,154
43,Henrico County ,3,M,N,N,Y,282,153
43,Henrico County ,3,M,Y,N,N,25,10
43,Henrico County ,3,M,Y,N,Y,41,9
43,Henrico County ,4,M,N,N,N,26,18
43,Henrico County ,4,M,N,N,Y,31,13
43,Henrico County ,4,M,N,Y,Y,21,1
43,Henrico County ,5,M,N,N,N,645,527
43,Henrico County ,5,M,N,N,Y,58,22
43,Henrico County ,5,M,Y,N,N,63,43
43,Henrico County ,5,M,Y,N,Y,24,6
43,Henrico County ,99,M,N,N,N,28,19
43,Henrico County ,99,M,N,N,Y,19,7
44,Henry County ,3,F,N,N,N,26,18
44,Henry County ,3,F,N,N,Y,38,29
44,Henry County ,4,F,N,N,Y,14,10
44,Henry County ,5,F,N,N,N,88,73
44,Henry County ,5,F,N,N,Y,66,33
44,Henry County ,3,M,N,N,N,25,15
44,Henry County ,3,M,N,N,Y,25,18
44,Henry County ,4,M,N,N,Y,11,6
44,Henry County ,5,M,N,N,N,72,53
44,Henry County ,5,M,N,N,Y,52,26
44,Henry County ,5,M,Y,N,N,13,7
46,Isle of Wight County ,3,F,N,N,N,23,20
46,Isle of Wight County ,3,F,N,N,Y,28,18
46,Isle of Wight County ,5,F,N,N,N,107,83
46,Isle of Wight County ,5,F,N,N,Y,20,11
46,Isle of Wight County ,3,M,N,N,N,26,17
46,Isle of Wight County ,3,M,N,N,Y,19,5
46,Isle of Wight County ,5,M,N,N,N,104,53
46,Isle of Wight County ,5,M,N,N,Y,23,12
48,King George County ,3,F,N,N,N,18,16
48,King George County ,3,F,N,N,Y,12,7
48,King George County ,5,F,N,N,N,95,69
48,King George County ,5,F,N,N,Y,17,6
48,King George County ,3,M,N,N,N,13,4
48,King George County ,5,M,N,N,N,89,53
48,King George County ,5,M,N,N,Y,16,7
50,King William County ,5,F,N,N,N,44,30
50,King William County ,5,F,N,N,Y,11,7
50,King William County ,5,M,N,N,N,44,20
51,Lancaster County ,3,F,N,N,Y,13,2
51,Lancaster County ,5,F,N,N,N,17,11
51,Lancaster County ,3,M,N,N,Y,12,5
51,Lancaster County ,5,M,N,N,N,16,12
52,Lee County ,5,F,N,N,N,41,34
52,Lee County ,5,F,N,N,Y,49,33
52,Lee County ,5,M,N,N,N,49,30
52,Lee County ,5,M,N,N,Y,38,17
53,Loudoun County ,2,F,N,N,N,256,237
53,Loudoun County ,2,F,N,Y,N,19,16
53,Loudoun County ,2,F,N,N,Y,39,35
53,Loudoun County ,2,F,N,Y,Y,22,18
53,Loudoun County ,3,F,N,N,N,126,106
53,Loudoun County ,3,F,N,N,Y,37,27
53,Loudoun County ,4,F,N,N,N,143,122
53,Loudoun County ,4,F,N,Y,N,27,15
53,Loudoun County ,4,F,N,N,Y,79,64
53,Loudoun County ,4,F,N,Y,Y,70,26
53,Loudoun County ,5,F,N,N,N,1245,1134
53,Loudoun County ,5,F,N,N,Y,47,38
53,Loudoun County ,5,F,Y,N,N,80,65
53,Loudoun County ,99,F,N,N,N,85,79
53,Loudoun County ,2,M,N,N,N,257,225
53,Loudoun County ,2,M,N,Y,N,26,21
53,Loudoun County ,2,M,N,N,Y,39,28
53,Loudoun County ,2,M,N,Y,Y,13,10
53,Loudoun County ,3,M,N,N,N,111,94
53,Loudoun County ,3,M,N,N,Y,36,21
53,Loudoun County ,3,M,Y,N,N,28,21
53,Loudoun County ,4,M,N,N,N,150,129
53,Loudoun County ,4,M,N,Y,N,20,5
53,Loudoun County ,4,M,N,N,Y,66,45
53,Loudoun County ,4,M,N,Y,Y,58,21
53,Loudoun County ,4,M,Y,N,N,23,13
53,Loudoun County ,4,M,Y,N,Y,15,6
53,Loudoun County ,4,M,Y,Y,Y,10,7
53,Loudoun County ,5,M,N,N,N,1246,1080
53,Loudoun County ,5,M,N,Y,N,10,6
53,Loudoun County ,5,M,N,N,Y,57,38
53,Loudoun County ,5,M,N,Y,Y,14,12
53,Loudoun County ,5,M,Y,N,N,129,82
53,Loudoun County ,99,M,N,N,N,81,70
54,Louisa County ,3,F,N,N,N,12,7
54,Louisa County ,3,F,N,N,Y,23,12
54,Louisa County ,5,F,N,N,N,66,47
54,Louisa County ,5,F,N,N,Y,34,18
54,Louisa County ,3,M,N,N,N,15,11
54,Louisa County ,3,M,N,N,Y,17,7
54,Louisa County ,5,M,N,N,N,65,33
54,Louisa County ,5,M,N,N,Y,26,11
55,Lunenburg County ,3,F,N,N,Y,20,17
55,Lunenburg County ,5,F,N,N,N,11,7
55,Lunenburg County ,5,M,N,N,N,18,7
56,Madison County ,5,F,N,N,N,40,34
56,Madison County ,5,F,N,N,Y,20,12
56,Madison County ,5,M,N,N,N,32,12
56,Madison County ,5,M,N,N,Y,18,3
57,Mathews County ,5,F,N,N,N,28,23
57,Mathews County ,5,M,N,N,N,45,29
58,Mecklenburg County ,3,F,N,N,N,20,14
58,Mecklenburg County ,3,F,N,N,Y,47,24
58,Mecklenburg County ,5,F,N,N,N,58,45
58,Mecklenburg County ,5,F,N,N,Y,24,14
58,Mecklenburg County ,3,M,N,N,N,19,11
58,Mecklenburg County ,3,M,N,N,Y,38,17
58,Mecklenburg County ,5,M,N,N,N,61,36
58,Mecklenburg County ,5,M,N,N,Y,23,6
59,Middlesex County ,5,F,N,N,N,20,17
59,Middlesex County ,5,M,N,N,N,19,9
59,Middlesex County ,5,M,N,N,Y,11,2
60,Montgomery County ,3,F,N,N,Y,10,5
60,Montgomery County ,5,F,N,N,N,224,186
60,Montgomery County ,5,F,N,N,Y,62,37
60,Montgomery County ,3,M,N,N,Y,13,5
60,Montgomery County ,5,M,N,N,N,198,149
60,Montgomery County ,5,M,N,N,Y,56,27
60,Montgomery County ,5,M,Y,N,N,13,7
62,Nelson County ,5,F,N,N,N,40,25
62,Nelson County ,5,F,N,N,Y,14,10
62,Nelson County ,5,M,N,N,N,33,19
62,Nelson County ,5,M,N,N,Y,15,3
63,New Kent County ,5,F,N,N,N,62,47
63,New Kent County ,5,F,N,N,Y,15,11
63,New Kent County ,5,M,N,N,N,59,37
65,Northampton County ,3,F,N,N,Y,23,12
65,Northampton County ,5,F,N,N,N,12,8
65,Northampton County ,3,M,N,N,Y,11,3
65,Northampton County ,5,M,N,N,N,12,8
66,Northumberland County ,5,F,N,N,N,15,11
66,Northumberland County ,3,M,N,N,Y,14,6
66,Northumberland County ,5,M,N,N,N,24,16
67,Nottoway County ,3,F,N,N,N,11,10
67,Nottoway County ,3,F,N,N,Y,19,8
67,Nottoway County ,5,F,N,N,N,22,19
67,Nottoway County ,5,F,N,N,Y,14,11
67,Nottoway County ,3,M,N,N,Y,12,4
67,Nottoway County ,5,M,N,N,N,19,12
68,Orange County ,3,F,N,N,N,10,8
68,Orange County ,3,F,N,N,Y,19,9
68,Orange County ,5,F,N,N,N,101,73
68,Orange County ,5,F,N,N,Y,26,11
68,Orange County ,5,M,N,N,N,90,48
68,Orange County ,5,M,N,N,Y,25,6
69,Page County ,5,F,N,N,N,60,42
69,Page County ,5,F,N,N,Y,40,13
69,Page County ,5,M,N,N,N,70,30
69,Page County ,5,M,N,N,Y,39,5
70,Patrick County ,5,F,N,N,N,33,25
70,Patrick County ,5,F,N,N,Y,37,23
70,Patrick County ,5,M,N,N,N,36,25
70,Patrick County ,5,M,N,N,Y,31,9
70,Patrick County ,5,M,Y,N,Y,10,6
71,Pittsylvania County ,3,F,N,N,N,20,18
71,Pittsylvania County ,3,F,N,N,Y,46,34
71,Pittsylvania County ,3,F,Y,N,Y,11,3
71,Pittsylvania County ,5,F,N,N,N,144,111
71,Pittsylvania County ,5,F,N,N,Y,67,39
71,Pittsylvania County ,3,M,N,N,N,34,18
71,Pittsylvania County ,3,M,N,N,Y,26,8
71,Pittsylvania County ,3,M,Y,N,Y,12,4
71,Pittsylvania County ,5,M,N,N,N,157,107
71,Pittsylvania County ,5,M,N,N,Y,60,22
71,Pittsylvania County ,5,M,Y,N,N,18,6
72,Powhatan County ,5,F,N,N,N,137,106
72,Powhatan County ,5,F,N,N,Y,12,7
72,Powhatan County ,5,M,N,N,N,106,69
72,Powhatan County ,5,M,N,N,Y,17,6
72,Powhatan County ,5,M,Y,N,N,12,5
73,Prince Edward County ,3,F,N,N,N,15,12
73,Prince Edward County ,3,F,N,N,Y,28,20
73,Prince Edward County ,5,F,N,N,N,18,14
73,Prince Edward County ,3,M,N,N,N,16,8
73,Prince Edward County ,3,M,N,N,Y,22,12
73,Prince Edward County ,5,M,N,N,N,20,13
74,Prince George County ,3,F,N,N,N,37,29
74,Prince George County ,3,F,N,N,Y,30,24
74,Prince George County ,4,F,N,N,Y,10,5
74,Prince George County ,5,F,N,N,N,76,60
74,Prince George County ,5,F,N,N,Y,24,14
74,Prince George County ,3,M,N,N,N,25,11
74,Prince George County ,3,M,N,N,Y,27,16
74,Prince George County ,5,M,N,N,N,78,42
74,Prince George County ,5,M,N,N,Y,22,7
75,Prince William County ,2,F,N,N,N,125,114
75,Prince William County ,2,F,N,Y,N,22,16
75,Prince William County ,2,F,N,N,Y,36,34
75,Prince William County ,2,F,N,Y,Y,29,21
75,Prince William County ,3,F,N,N,N,362,301
75,Prince William County ,3,F,N,Y,N,10,9
75,Prince William County ,3,F,N,N,Y,195,143
75,Prince William County ,3,F,N,Y,Y,27,24
75,Prince William County ,3,F,Y,N,N,13,6
75,Prince William County ,3,F,Y,N,Y,13,8
75,Prince William County ,4,F,N,N,N,245,188
75,Prince William County ,4,F,N,Y,N,74,35
75,Prince William County ,4,F,N,N,Y,207,160
75,Prince William County ,4,F,N,Y,Y,191,100
75,Prince William County ,4,F,Y,N,N,14,6
75,Prince William County ,4,F,Y,Y,Y,11,2
75,Prince William County ,5,F,N,N,N,876,757
75,Prince William County ,5,F,N,N,Y,66,46
75,Prince William County ,5,F,Y,N,N,33,17
75,Prince William County ,99,F,N,N,N,154,130
75,Prince William County ,99,F,N,N,Y,37,31
75,Prince William County ,2,M,N,N,N,113,100
75,Prince William County ,2,M,N,Y,N,43,36
75,Prince William County ,2,M,N,N,Y,45,39
75,Prince William County ,2,M,N,Y,Y,41,35
75,Prince William County ,3,M,N,N,N,309,233
75,Prince William County ,3,M,N,Y,N,14,12
75,Prince William County ,3,M,N,N,Y,151,89
75,Prince William County ,3,M,N,Y,Y,27,22
75,Prince William County ,3,M,Y,N,N,48,26
75,Prince William County ,3,M,Y,N,Y,14,5
75,Prince William County ,4,M,N,N,N,223,163
75,Prince William County ,4,M,N,Y,N,97,32
75,Prince William County ,4,M,N,N,Y,165,103
75,Prince William County ,4,M,N,Y,Y,203,75
75,Prince William County ,4,M,Y,N,N,11,7
75,Prince William County ,4,M,Y,Y,Y,20,3
75,Prince William County ,5,M,N,N,N,827,638
75,Prince William County ,5,M,N,N,Y,54,32
75,Prince William County ,5,M,N,Y,Y,16,14
75,Prince William County ,5,M,Y,N,N,104,61
75,Prince William County ,99,M,N,N,N,123,88
75,Prince William County ,99,M,N,N,Y,19,10
77,Pulaski County ,5,F,N,N,N,83,64
77,Pulaski County ,5,F,N,N,Y,45,20
77,Pulaski County ,5,M,N,N,N,57,38
77,Pulaski County ,5,M,N,N,Y,40,18
78,Rappahannock County ,5,F,N,N,N,15,11
78,Rappahannock County ,5,M,N,N,N,24,14
79,Richmond County ,5,F,N,N,N,16,13
79,Richmond County ,5,M,N,N,N,17,6
80,Roanoke County ,2,F,N,N,N,13,12
80,Roanoke County ,3,F,N,N,N,22,17
80,Roanoke County ,3,F,N,N,Y,19,13
80,Roanoke County ,4,F,N,N,N,10,7
80,Roanoke County ,5,F,N,N,N,352,312
80,Roanoke County ,5,F,N,N,Y,67,35
80,Roanoke County ,5,F,Y,N,N,14,9
80,Roanoke County ,99,F,N,N,N,15,13
80,Roanoke County ,3,M,N,N,N,11,9
80,Roanoke County ,3,M,N,N,Y,15,9
80,Roanoke County ,4,M,N,N,N,11,10
80,Roanoke County ,5,M,N,N,N,363,277
80,Roanoke County ,5,M,N,N,Y,58,23
80,Roanoke County ,5,M,Y,N,N,37,17
80,Roanoke County ,5,M,Y,N,Y,15,5
80,Roanoke County ,99,M,N,N,N,14,8
81,Rockbridge County ,5,F,N,N,N,60,51
81,Rockbridge County ,5,F,N,N,Y,35,18
81,Rockbridge County ,5,M,N,N,N,72,38
81,Rockbridge County ,5,M,N,N,Y,29,8
82,Rockingham County ,4,F,N,Y,N,10,8
82,Rockingham County ,4,F,N,Y,Y,17,7
82,Rockingham County ,5,F,N,N,N,232,174
82,Rockingham County ,5,F,N,N,Y,76,34
82,Rockingham County ,4,M,N,Y,Y,29,11
82,Rockingham County ,5,M,N,N,N,249,145
82,Rockingham County ,5,M,N,N,Y,63,16
82,Rockingham County ,5,M,Y,N,N,15,4
83,Russell County ,5,F,N,N,N,73,58
83,Russell County ,5,F,N,N,Y,74,51
83,Russell County ,5,M,N,N,N,57,41
83,Russell County ,5,M,N,N,Y,45,25
83,Russell County ,5,M,Y,N,Y,12,3
84,Scott County ,5,F,N,N,N,73,59
84,Scott County ,5,F,N,N,Y,60,31
84,Scott County ,5,M,N,N,N,47,37
84,Scott County ,5,M,N,N,Y,39,25
85,Shenandoah County ,5,F,N,N,N,125,93
85,Shenandoah County ,5,F,N,N,Y,43,27
85,Shenandoah County ,5,M,N,N,N,125,65
85,Shenandoah County ,5,M,N,N,Y,42,11
85,Shenandoah County ,5,M,Y,N,N,16,1
86,Smyth County ,5,F,N,N,N,71,58
86,Smyth County ,5,F,N,N,Y,43,27
86,Smyth County ,5,M,N,N,N,96,58
86,Smyth County ,5,M,N,N,Y,51,19
86,Smyth County ,5,M,Y,N,Y,10,4
87,Southampton County ,3,F,N,N,N,15,14
87,Southampton County ,3,F,N,N,Y,10,9
87,Southampton County ,5,F,N,N,N,31,26
87,Southampton County ,3,M,N,N,N,18,10
87,Southampton County ,3,M,N,N,Y,11,5
87,Southampton County ,5,M,N,N,N,44,29
88,Spotsylvania County ,2,F,N,N,N,14,11
88,Spotsylvania County ,3,F,N,N,N,88,65
88,Spotsylvania County ,3,F,N,N,Y,53,32
88,Spotsylvania County ,4,F,N,N,N,38,32
88,Spotsylvania County ,4,F,N,N,Y,31,20
88,Spotsylvania County ,4,F,N,Y,Y,17,7
88,Spotsylvania County ,5,F,N,N,N,416,325
88,Spotsylvania County ,5,F,N,N,Y,69,40
88,Spotsylvania County ,5,F,Y,N,N,17,5
88,Spotsylvania County ,99,F,N,N,N,33,24
88,Spotsylvania County ,2,M,N,N,N,20,15
88,Spotsylvania County ,3,M,N,N,N,92,66
88,Spotsylvania County ,3,M,N,N,Y,52,25
88,Spotsylvania County ,3,M,Y,N,Y,13,4
88,Spotsylvania County ,4,M,N,N,N,39,27
88,Spotsylvania County ,4,M,N,Y,N,10,2
88,Spotsylvania County ,4,M,N,N,Y,27,15
88,Spotsylvania County ,4,M,N,Y,Y,15,7
88,Spotsylvania County ,5,M,N,N,N,421,292
88,Spotsylvania County ,5,M,N,N,Y,72,28
88,Spotsylvania County ,5,M,Y,N,N,34,13
88,Spotsylvania County ,5,M,Y,N,Y,13,6
88,Spotsylvania County ,99,M,N,N,N,24,10
89,Stafford County ,2,F,N,N,N,22,18
89,Stafford County ,3,F,N,N,N,111,92
89,Stafford County ,3,F,N,N,Y,70,44
89,Stafford County ,4,F,N,N,N,75,57
89,Stafford County ,4,F,N,Y,N,11,3
89,Stafford County ,4,F,N,N,Y,41,27
89,Stafford County ,4,F,N,Y,Y,22,11
89,Stafford County ,5,F,N,N,N,486,414
89,Stafford County ,5,F,N,N,Y,65,31
89,Stafford County ,5,F,Y,N,N,23,16
89,Stafford County ,99,F,N,N,N,69,54
89,Stafford County ,99,F,N,N,Y,20,16
89,Stafford County ,2,M,N,N,N,18,16
89,Stafford County ,3,M,N,N,N,134,92
89,Stafford County ,3,M,N,N,Y,57,30
89,Stafford County ,3,M,Y,N,N,18,9
89,Stafford County ,3,M,Y,N,Y,15,4
89,Stafford County ,4,M,N,N,N,58,37
89,Stafford County ,4,M,N,N,Y,30,19
89,Stafford County ,4,M,N,Y,Y,28,19
89,Stafford County ,5,M,N,N,N,521,357
89,Stafford County ,5,M,N,N,Y,55,23
89,Stafford County ,5,M,Y,N,N,30,13
89,Stafford County ,99,M,N,N,N,45,28
89,Stafford County ,99,M,N,N,Y,13,7
90,Surry County ,3,F,N,N,Y,13,10
90,Surry County ,3,M,N,N,N,10,5
91,Sussex County ,3,F,N,N,Y,25,16
91,Sussex County ,3,M,N,N,Y,16,11
92,Tazewell County ,5,F,N,N,N,125,108
92,Tazewell County ,5,F,N,N,Y,64,33
92,Tazewell County ,5,M,N,N,N,128,100
92,Tazewell County ,5,M,N,N,Y,69,38
92,Tazewell County ,5,M,Y,N,N,10,6
92,Tazewell County ,5,M,Y,N,Y,11,6
93,Warren County ,5,F,N,N,N,111,79
93,Warren County ,5,F,N,N,Y,47,23
93,Warren County ,5,M,N,N,N,127,65
93,Warren County ,5,M,N,N,Y,27,7
93,Warren County ,5,M,Y,N,N,10,4
94,Washington County ,5,F,N,N,N,135,114
94,Washington County ,5,F,N,N,Y,96,66
94,Washington County ,5,M,N,N,N,115,94
94,Washington County ,5,M,N,N,Y,67,36
94,Washington County ,5,M,Y,N,N,16,6
94,Washington County ,5,M,Y,N,Y,22,9
95,Westmoreland County ,3,F,N,N,Y,21,11
95,Westmoreland County ,5,F,N,N,N,11,7
95,Westmoreland County ,5,F,N,N,Y,10,5
95,Westmoreland County ,3,M,N,N,Y,22,12
95,Westmoreland County ,5,M,N,N,N,13,5
96,Wise County ,5,F,N,N,N,87,80
96,Wise County ,5,F,N,N,Y,91,48
96,Wise County ,5,M,N,N,N,97,67
96,Wise County ,5,M,N,N,Y,95,48
96,Wise County ,5,M,Y,N,Y,12,4
97,Wythe County ,5,F,N,N,N,76,70
97,Wythe County ,5,F,N,N,Y,41,28
97,Wythe County ,5,M,N,N,N,86,59
97,Wythe County ,5,M,N,N,Y,36,20
98,York County ,2,F,N,N,N,27,24
98,York County ,3,F,N,N,N,52,47
98,York County ,3,F,N,N,Y,11,8
98,York County ,4,F,N,N,N,23,17
98,York County ,5,F,N,N,N,311,260
98,York County ,5,F,Y,N,N,12,5
98,York County ,99,F,N,N,N,27,18
98,York County ,2,M,N,N,N,22,20
98,York County ,3,M,N,N,N,42,35
98,York County ,3,M,N,N,Y,11,8
98,York County ,4,M,N,N,N,29,21
98,York County ,5,M,N,N,N,279,201
98,York County ,5,M,N,N,Y,15,5
98,York County ,5,M,Y,N,N,26,10
98,York County ,99,M,N,N,N,30,20
101,Alexandria City ,2,F,N,N,N,11,10
101,Alexandria City ,3,F,N,N,N,42,36
101,Alexandria City ,3,F,N,N,Y,64,44
101,Alexandria City ,3,F,N,Y,Y,20,13
101,Alexandria City ,4,F,N,N,N,12,9
101,Alexandria City ,4,F,N,N,Y,35,28
101,Alexandria City ,4,F,N,Y,Y,38,14
101,Alexandria City ,5,F,N,N,N,72,69
101,Alexandria City ,3,M,N,N,N,22,14
101,Alexandria City ,3,M,N,N,Y,50,31
101,Alexandria City ,3,M,N,Y,Y,14,9
101,Alexandria City ,4,M,N,N,N,19,9
101,Alexandria City ,4,M,N,N,Y,17,10
101,Alexandria City ,4,M,N,Y,Y,50,12
101,Alexandria City ,5,M,N,N,N,57,46
102,Bristol City ,5,F,N,N,N,32,31
102,Bristol City ,5,F,N,N,Y,17,9
102,Bristol City ,5,M,N,N,N,29,22
102,Bristol City ,5,M,N,N,Y,29,11
103,Buena Vista City ,5,F,N,N,N,14,9
103,Buena Vista City ,5,M,N,N,N,22,10
104,Charlottesville City ,3,F,N,N,N,12,8
104,Charlottesville City ,3,F,N,N,Y,26,13
104,Charlottesville City ,5,F,N,N,N,52,44
104,Charlottesville City ,5,F,N,N,Y,12,6
104,Charlottesville City ,3,M,N,N,Y,14,8
104,Charlottesville City ,5,M,N,N,N,43,30
106,Colonial Heights City ,5,F,N,N,N,53,46
106,Colonial Heights City ,5,M,N,N,N,50,33
106,Colonial Heights City ,5,M,N,N,Y,13,6
107,Covington City ,5,F,N,N,N,10,9
107,Covington City ,5,M,N,N,N,16,12
108,Danville City ,3,F,N,N,N,63,38
108,Danville City ,3,F,N,N,Y,57,26
108,Danville City ,5,F,N,N,N,40,26
108,Danville City ,3,M,N,N,N,66,39
108,Danville City ,3,M,N,N,Y,37,16
108,Danville City ,5,M,N,N,N,35,24
109,Falls Church City ,5,F,N,N,N,56,48
109,Falls Church City ,5,M,N,N,N,49,41
109,Falls Church City ,5,M,Y,N,N,14,14
109,Falls Church City ,99,M,N,N,N,10,10
110,Fredericksburg City ,3,F,N,N,N,33,25
110,Fredericksburg City ,3,F,N,N,Y,30,16
110,Fredericksburg City ,5,F,N,N,N,47,43
110,Fredericksburg City ,3,M,N,N,N,19,12
110,Fredericksburg City ,3,M,N,N,Y,18,10
110,Fredericksburg City ,5,M,N,N,N,40,29
111,Galax City ,5,F,N,N,N,26,24
111,Galax City ,4,M,N,Y,Y,10,3
111,Galax City ,5,M,N,N,N,23,20
112,Hampton City ,3,F,N,N,N,162,119
112,Hampton City ,3,F,N,N,Y,222,147
112,Hampton City ,3,F,Y,N,Y,12,5
112,Hampton City ,4,F,N,N,N,22,14
112,Hampton City ,4,F,N,N,Y,13,10
112,Hampton City ,5,F,N,N,N,110,76
112,Hampton City ,5,F,N,N,Y,49,23
112,Hampton City ,5,F,Y,N,N,11,4
112,Hampton City ,99,F,N,N,N,22,14
112,Hampton City ,99,F,N,N,Y,20,15
112,Hampton City ,3,M,N,N,N,195,120
112,Hampton City ,3,M,N,N,Y,177,69
112,Hampton City ,3,M,Y,N,N,18,9
112,Hampton City ,3,M,Y,N,Y,26,11
112,Hampton City ,4,M,N,N,N,11,6
112,Hampton City ,5,M,N,N,N,101,52
112,Hampton City ,5,M,N,N,Y,36,13
112,Hampton City ,5,M,Y,N,N,12,2
112,Hampton City ,99,M,N,N,N,15,10
113,Harrisonburg City ,3,F,N,N,Y,15,8
113,Harrisonburg City ,4,F,N,N,Y,11,4
113,Harrisonburg City ,4,F,N,Y,Y,47,22
113,Harrisonburg City ,5,F,N,N,N,24,22
113,Harrisonburg City ,3,M,N,N,Y,10,3
113,Harrisonburg City ,4,M,N,Y,Y,43,11
113,Harrisonburg City ,5,M,N,N,N,32,23
113,Harrisonburg City ,5,M,N,N,Y,13,5
113,Harrisonburg City ,5,M,N,Y,Y,12,6
114,Hopewell City ,3,F,N,N,N,13,7
114,Hopewell City ,3,F,N,N,Y,45,12
114,Hopewell City ,5,F,N,N,N,26,13
114,Hopewell City ,5,F,N,N,Y,13,4
114,Hopewell City ,3,M,N,N,N,22,9
114,Hopewell City ,3,M,N,N,Y,39,18
114,Hopewell City ,5,M,N,N,N,18,9
114,Hopewell City ,5,M,N,N,Y,16,5
115,Lynchburg City ,3,F,N,N,N,36,26
115,Lynchburg City ,3,F,N,N,Y,83,46
115,Lynchburg City ,5,F,N,N,N,73,62
115,Lynchburg City ,5,F,N,N,Y,21,16
115,Lynchburg City ,3,M,N,N,N,31,17
115,Lynchburg City ,3,M,N,N,Y,56,24
115,Lynchburg City ,5,M,N,N,N,94,63
115,Lynchburg City ,5,M,N,N,Y,26,13
116,Martinsville City ,3,F,N,N,N,19,13
116,Martinsville City ,3,F,N,N,Y,27,20
116,Martinsville City ,5,F,N,N,N,10,8
116,Martinsville City ,3,M,N,N,N,16,12
116,Martinsville City ,3,M,N,N,Y,18,11
116,Martinsville City ,5,M,N,N,N,22,15
117,Newport News City ,2,F,N,N,N,12,6
117,Newport News City ,3,F,N,N,N,162,111
117,Newport News City ,3,F,N,N,Y,259,147
117,Newport News City ,3,F,Y,N,N,10,3
117,Newport News City ,3,F,Y,N,Y,28,15
117,Newport News City ,4,F,N,N,N,30,23
117,Newport News City ,4,F,N,N,Y,28,20
117,Newport News City ,5,F,N,N,N,201,144
117,Newport News City ,5,F,N,N,Y,42,20
117,Newport News City ,99,F,N,N,N,11,11
117,Newport News City ,99,F,N,N,Y,13,8
117,Newport News City ,2,M,N,N,N,10,6
117,Newport News City ,3,M,N,N,N,148,92
117,Newport News City ,3,M,N,N,Y,206,97
117,Newport News City ,3,M,Y,N,N,15,4
117,Newport News City ,3,M,Y,N,Y,34,7
117,Newport News City ,4,M,N,N,N,30,13
117,Newport News City ,4,M,N,N,Y,27,11
117,Newport News City ,4,M,N,Y,Y,16,5
117,Newport News City ,5,M,N,N,N,165,95
117,Newport News City ,5,M,N,N,Y,41,18
117,Newport News City ,5,M,Y,N,N,12,4
117,Newport News City ,99,M,N,N,N,10,8
118,Norfolk City ,2,F,N,N,N,11,11
118,Norfolk City ,3,F,N,N,N,177,119
118,Norfolk City ,3,F,N,N,Y,319,187
118,Norfolk City ,3,F,Y,N,Y,15,7
118,Norfolk City ,4,F,N,N,N,22,15
118,Norfolk City ,4,F,N,N,Y,15,8
118,Norfolk City ,5,F,N,N,N,145,106
118,Norfolk City ,5,F,N,N,Y,31,15
118,Norfolk City ,99,F,N,N,N,22,16
118,Norfolk City ,99,F,N,N,Y,22,9
118,Norfolk City ,2,M,N,N,N,14,10
118,Norfolk City ,3,M,N,N,N,174,95
118,Norfolk City ,3,M,N,N,Y,224,100
118,Norfolk City ,3,M,Y,N,N,11,7
118,Norfolk City ,3,M,Y,N,Y,19,7
118,Norfolk City ,4,M,N,N,N,23,13
118,Norfolk City ,4,M,N,N,Y,12,7
118,Norfolk City ,5,M,N,N,N,150,80
118,Norfolk City ,5,M,N,N,Y,24,8
118,Norfolk City ,99,M,N,N,N,21,11
118,Norfolk City ,99,M,N,N,Y,13,6
119,Norton City ,5,F,N,N,Y,10,6
119,Norton City ,5,M,N,N,N,14,12
119,Norton City ,5,M,N,N,Y,14,8
120,Petersburg City ,3,F,N,N,N,51,35
120,Petersburg City ,3,F,N,N,Y,43,29
120,Petersburg City ,3,M,N,N,N,50,28
120,Petersburg City ,3,M,N,N,Y,34,11
121,Portsmouth City ,3,F,N,N,N,153,92
121,Portsmouth City ,3,F,N,N,Y,191,103
121,Portsmouth City ,3,F,Y,N,Y,10,3
121,Portsmouth City ,5,F,N,N,N,46,26
121,Portsmouth City ,5,F,N,N,Y,19,11
121,Portsmouth City ,99,F,N,N,N,12,7
121,Portsmouth City ,99,F,N,N,Y,15,8
121,Portsmouth City ,3,M,N,N,N,122,55
121,Portsmouth City ,3,M,N,N,Y,125,59
121,Portsmouth City ,3,M,Y,N,N,12,5
121,Portsmouth City ,3,M,Y,N,Y,16,2
121,Portsmouth City ,5,M,N,N,N,71,32
122,Radford City ,5,F,N,N,N,28,24
122,Radford City ,5,F,N,N,Y,11,8
122,Radford City ,5,M,N,N,N,31,25
123,Richmond City ,3,F,N,N,N,95,66
123,Richmond City ,3,F,N,N,Y,353,195
123,Richmond City ,3,F,Y,N,Y,36,14
123,Richmond City ,4,F,N,N,Y,11,5
123,Richmond City ,5,F,N,N,N,45,36
123,Richmond City ,5,F,N,N,Y,10,6
123,Richmond City ,3,M,N,N,N,94,47
123,Richmond City ,3,M,N,N,Y,225,90
123,Richmond City ,3,M,Y,N,N,18,11
123,Richmond City ,3,M,Y,N,Y,53,12
123,Richmond City ,5,M,N,N,N,32,24
123,Richmond City ,5,M,N,N,Y,10,5
124,Roanoke City ,3,F,N,N,N,82,57
124,Roanoke City ,3,F,N,N,Y,83,38
124,Roanoke City ,5,F,N,N,N,86,65
124,Roanoke City ,5,F,N,N,Y,41,21
124,Roanoke City ,99,F,N,N,Y,11,7
124,Roanoke City ,3,M,N,N,N,69,35
124,Roanoke City ,3,M,N,N,Y,73,25
124,Roanoke City ,5,M,N,N,N,77,50
124,Roanoke City ,5,M,N,N,Y,38,12
126,Staunton City ,5,F,N,N,N,52,40
126,Staunton City ,5,F,N,N,Y,16,7
126,Staunton City ,3,M,N,N,Y,10,4
126,Staunton City ,5,M,N,N,N,42,27
127,Suffolk City ,3,F,N,N,N,144,104
127,Suffolk City ,3,F,N,N,Y,117,72
127,Suffolk City ,4,F,N,N,N,18,13
127,Suffolk City ,5,F,N,N,N,115,85
127,Suffolk City ,5,F,N,N,Y,12,6
127,Suffolk City ,99,F,N,N,N,11,9
127,Suffolk City ,3,M,N,N,N,144,80
127,Suffolk City ,3,M,N,N,Y,73,36
127,Suffolk City ,3,M,Y,N,N,12,9
127,Suffolk City ,3,M,Y,N,Y,11,7
127,Suffolk City ,4,M,N,N,N,11,9
127,Suffolk City ,5,M,N,N,N,132,73
127,Suffolk City ,5,M,N,N,Y,11,4
127,Suffolk City ,99,M,N,N,N,12,8
128,Virginia Beach City ,2,F,N,N,N,123,107
128,Virginia Beach City ,2,F,N,N,Y,36,33
128,Virginia Beach City ,2,F,N,Y,Y,13,9
128,Virginia Beach City ,3,F,N,N,N,234,171
128,Virginia Beach City ,3,F,N,N,Y,286,176
128,Virginia Beach City ,3,F,Y,N,N,11,4
128,Virginia Beach City ,3,F,Y,N,Y,21,11
128,Virginia Beach City ,4,F,N,N,N,130,103
128,Virginia Beach City ,4,F,N,N,Y,73,44
128,Virginia Beach City ,5,F,N,N,N,1001,825
128,Virginia Beach City ,5,F,N,N,Y,153,112
128,Virginia Beach City ,5,F,Y,N,N,30,15
128,Virginia Beach City ,5,F,Y,N,Y,10,2
128,Virginia Beach City ,99,F,N,N,N,116,77
128,Virginia Beach City ,99,F,N,N,Y,60,43
128,Virginia Beach City ,2,M,N,N,N,93,69
128,Virginia Beach City ,2,M,N,Y,N,13,7
128,Virginia Beach City ,2,M,N,N,Y,16,8
128,Virginia Beach City ,2,M,N,Y,Y,11,6
128,Virginia Beach City ,3,M,N,N,N,242,135
128,Virginia Beach City ,3,M,N,N,Y,240,123
128,Virginia Beach City ,3,M,Y,N,N,17,10
128,Virginia Beach City ,3,M,Y,N,Y,44,13
128,Virginia Beach City ,4,M,N,N,N,114,73
128,Virginia Beach City ,4,M,N,N,Y,65,42
128,Virginia Beach City ,5,M,N,N,N,998,718
128,Virginia Beach City ,5,M,N,N,Y,150,70
128,Virginia Beach City ,5,M,Y,N,N,69,29
128,Virginia Beach City ,5,M,Y,N,Y,29,3
128,Virginia Beach City ,99,M,N,N,N,112,80
128,Virginia Beach City ,99,M,N,N,Y,50,26
130,Waynesboro City ,3,F,N,N,Y,10,4
130,Waynesboro City ,5,F,N,N,N,49,33
130,Waynesboro City ,5,F,N,N,Y,14,7
130,Waynesboro City ,5,M,N,N,N,40,29
130,Waynesboro City ,5,M,N,N,Y,14,4
131,Williamsburg-James City County ,3,F,N,N,N,26,23
131,Williamsburg-James City County ,3,F,N,N,Y,31,16
131,Williamsburg-James City County ,4,F,N,N,N,20,16
131,Williamsburg-James City County ,5,F,N,N,N,232,193
131,Williamsburg-James City County ,5,F,N,N,Y,25,18
131,Williamsburg-James City County ,5,F,Y,N,N,11,6
131,Williamsburg-James City County ,99,F,N,N,N,14,14
131,Williamsburg-James City County ,99,F,N,N,Y,10,8
131,Williamsburg-James City County ,3,M,N,N,N,21,12
131,Williamsburg-James City County ,3,M,N,N,Y,29,11
131,Williamsburg-James City County ,3,M,Y,N,Y,11,2
131,Williamsburg-James City County ,4,M,N,N,N,12,9
131,Williamsburg-James City County ,5,M,N,N,N,235,173
131,Williamsburg-James City County ,5,M,N,N,Y,26,14
131,Williamsburg-James City County ,5,M,Y,N,N,25,11
131,Williamsburg-James City County ,99,M,N,N,N,17,13
132,Winchester City ,5,F,N,N,N,58,50
132,Winchester City ,99,F,N,N,N,16,8
132,Winchester City ,4,M,N,N,N,13,3
132,Winchester City ,4,M,N,Y,N,10,2
132,Winchester City ,5,M,N,N,N,53,39
132,Winchester City ,99,M,N,N,N,13,6
135,Franklin City ,3,F,N,N,Y,17,10
135,Franklin City ,3,M,N,N,N,13,8
136,Chesapeake City ,2,F,N,N,N,27,26
136,Chesapeake City ,3,F,N,N,N,237,191
136,Chesapeake City ,3,F,N,N,Y,230,153
136,Chesapeake City ,3,F,Y,N,Y,15,7
136,Chesapeake City ,4,F,N,N,N,63,53
136,Chesapeake City ,4,F,N,N,Y,27,14
136,Chesapeake City ,5,F,N,N,N,590,478
136,Chesapeake City ,5,F,N,N,Y,66,38
136,Chesapeake City ,5,F,Y,N,N,28,21
136,Chesapeake City ,5,F,Y,N,Y,12,4
136,Chesapeake City ,99,F,N,N,N,60,44
136,Chesapeake City ,99,F,N,N,Y,23,14
136,Chesapeake City ,2,M,N,N,N,33,23
136,Chesapeake City ,3,M,N,N,N,171,118
136,Chesapeake City ,3,M,N,N,Y,169,85
136,Chesapeake City ,3,M,Y,N,N,23,13
136,Chesapeake City ,3,M,Y,N,Y,31,14
136,Chesapeake City ,4,M,N,N,N,57,35
136,Chesapeake City ,4,M,N,N,Y,19,11
136,Chesapeake City ,5,M,N,N,N,621,436
136,Chesapeake City ,5,M,N,N,Y,72,37
136,Chesapeake City ,5,M,Y,N,N,59,31
136,Chesapeake City ,5,M,Y,N,Y,12,4
136,Chesapeake City ,99,M,N,N,N,68,50
139,Salem City ,5,F,N,N,N,85,68
139,Salem City ,5,M,N,N,N,93,72
142,Poquoson City ,5,F,N,N,N,66,58
142,Poquoson City ,5,M,N,N,N,78,57
143,Manassas City ,3,F,N,N,N,21,19
143,Manassas City ,3,F,N,N,Y,10,7
143,Manassas City ,4,F,N,N,N,29,21
143,Manassas City ,4,F,N,N,Y,26,18
143,Manassas City ,4,F,N,Y,Y,32,9
143,Manassas City ,5,F,N,N,N,56,40
143,Manassas City ,99,F,N,N,N,10,9
143,Manassas City ,3,M,N,N,N,19,10
143,Manassas City ,4,M,N,N,N,26,13
143,Manassas City ,4,M,N,Y,N,12,3
143,Manassas City ,4,M,N,N,Y,19,6
143,Manassas City ,4,M,N,Y,Y,26,4
143,Manassas City ,5,M,N,N,N,48,30
144,Manassas Park City ,4,F,N,N,N,16,10
144,Manassas Park City ,4,F,N,N,Y,16,11
144,Manassas Park City ,4,F,N,Y,Y,18,6
144,Manassas Park City ,5,F,N,N,N,17,15
144,Manassas Park City ,2,M,N,N,N,10,8
144,Manassas Park City ,4,M,N,N,Y,13,10
144,Manassas Park City ,4,M,N,Y,Y,13,5
144,Manassas Park City ,5,M,N,N,N,24,16
207,West Point ,5,F,N,N,N,14,10
207,West Point ,5,M,N,N,N,18,11